ISO,Country,Data source,Sector,Gas,Unit,2020,2019,2018,2017,2016,2015,2014,2013,2012,2011,2010,2009,2008,2007,2006,2005,2004,2003,2002,2001,2000,1999,1998,1997,1996,1995,1994,1993,1992,1991,1990
WORLD,World,Climate Watch,Total including LUCF,All GHG,MtCO₂e,47513.15,49880.6,49585.91,48390.92,47691.83,47059.77,47106.48,46443.6,45800.17,45256.47,45080.62,43270.13,43316.76,43061.38,42278.18,40784.41,39849.51,38009.25,37012.72,36066.81,35994.91,35264.63,35261.24,35715.0,34351.0,33960.87,33162.74,32884.18,32736.21,32835.51,32661.42
CHN,China,Climate Watch,Total including LUCF,All GHG,MtCO₂e,12295.62,12085.05,11877.1,11366.6,11126.01,11097.28,11233.38,11154.26,10667.19,10382.27,9882.38,9051.17,8477.05,8221.63,7612.85,6934.07,6161.01,5395.93,4723.4,4430.46,4221.71,4029.26,4096.86,3978.52,3982.98,3961.46,3558.02,3398.46,3168.74,3039.78,2892.41
USA,United States,Climate Watch,Total including LUCF,All GHG,MtCO₂e,5289.13,5819.48,5935.52,5728.79,5783.0,5705.12,5816.48,5769.63,5628.8,5847.39,6063.3,5793.39,6211.3,6397.65,6293.17,6382.16,6362.59,6279.82,6215.68,6368.37,6405.57,6242.51,6241.11,6193.38,5933.25,5761.9,5693.42,5599.07,5487.86,5403.58,5448.74
IND,India,Climate Watch,Total including LUCF,All GHG,MtCO₂e,3166.95,3380.31,3406.53,3241.44,3116.76,3041.47,3022.2,2840.44,2776.41,2619.73,2581.25,2471.7,2318.0,2218.68,2071.63,1973.19,1901.54,1811.43,1766.72,1747.32,1499.0,1461.25,1383.29,1353.6,1293.39,1244.34,1177.9,1132.63,1099.48,1074.57,1020.11
EUU,European Union (27),Climate Watch,Total including LUCF,All GHG,MtCO₂e,2957.36,3236.19,3384.48,3466.09,3446.99,3100.58,3045.44,3190.94,3270.12,3332.02,3701.35,3622.05,3889.96,3982.68,4016.76,4015.94,4040.87,4039.25,3950.29,3964.68,3957.74,3953.14,4028.24,4063.02,4137.82,4024.63,3975.56,3988.02,4062.8,4203.43,4270.49
RUS,Russia,Climate Watch,Total including LUCF,All GHG,MtCO₂e,1799.98,1889.93,1843.24,1750.27,1717.74,1587.48,1607.17,1618.57,1659.67,1681.7,1509.01,1419.12,1556.86,1548.17,1541.34,1501.7,1480.39,1484.98,1410.52,1407.98,1797.28,1742.9,1712.17,1709.36,1858.96,1900.65,1977.72,2212.92,2404.96,2563.84,2624.74
IDN,Indonesia,Climate Watch,Total including LUCF,All GHG,MtCO₂e,1475.83,1913.58,1641.42,1395.33,1384.26,2022.03,1973.8,1597.66,1661.05,1641.84,1082.12,1434.93,1037.5,1051.98,1610.81,1187.32,1459.03,1107.33,1440.37,957.49,1128.24,1196.77,1304.17,2072.21,1101.48,1257.55,1220.81,1199.29,1183.03,1161.96,1140.84
BRA,Brazil,Climate Watch,Total including LUCF,All GHG,MtCO₂e,1469.64,1467.48,1443.29,1486.01,1464.26,1379.88,1395.95,1354.14,1330.37,1286.3,2122.88,2017.82,2045.15,2044.52,2006.99,2016.91,2002.36,1955.42,1941.57,1904.0,1813.94,1811.5,1800.27,1764.52,1732.8,1729.29,1702.5,1685.63,1674.22,1664.23,1643.11
JPN,Japan,Climate Watch,Total including LUCF,All GHG,MtCO₂e,1062.78,1125.76,1166.41,1209.79,1226.53,1219.3,1255.98,1302.82,1287.06,1243.62,1136.98,1079.49,1137.15,1206.97,1171.67,1192.22,1185.71,1195.78,1189.07,1158.68,1202.66,1187.78,1157.8,1204.18,1216.18,1201.39,1186.05,1128.35,1135.0,1121.91,1106.46
IRN,Iran,Climate Watch,Total including LUCF,All GHG,MtCO₂e,844.71,856.71,891.76,879.04,849.42,812.28,812.67,786.88,765.33,765.9,711.86,709.29,688.19,681.68,649.41,608.37,568.98,533.84,498.19,484.25,494.69,467.33,432.02,430.44,412.83,397.63,388.04,356.78,349.66,327.85,300.45
CAN,Canada,Climate Watch,Total including LUCF,All GHG,MtCO₂e,731.54,781.78,798.87,779.98,763.06,863.46,864.27,856.35,844.21,843.7,993.17,976.14,1011.07,1035.59,1002.12,1013.23,999.55,1002.7,980.74,959.65,733.98,716.09,716.81,700.45,688.72,666.72,651.17,633.07,637.06,622.67,626.74
SAU,Saudi Arabia,Climate Watch,Total including LUCF,All GHG,MtCO₂e,712.59,720.67,715.86,728.09,734.31,726.21,692.68,649.1,632.99,596.45,564.85,519.92,507.31,467.56,447.64,425.13,404.87,387.52,366.46,348.57,344.72,328.28,323.98,307.8,301.64,286.2,287.33,287.76,290.13,272.53,239.71
COD,Democratic Republic of the Congo,Climate Watch,Total including LUCF,All GHG,MtCO₂e,688.06,686.72,682.44,688.95,687.28,687.14,684.35,683.93,679.82,683.91,450.03,446.76,447.28,442.6,450.46,447.72,447.32,443.92,435.56,421.45,425.82,429.59,437.49,435.61,428.94,438.11,438.07,436.55,435.07,434.95,436.33
DEU,Germany,Climate Watch,Total including LUCF,All GHG,MtCO₂e,681.18,740.08,791.0,819.67,836.97,834.14,829.47,870.32,853.95,840.75,881.31,850.86,907.34,904.52,932.95,924.16,946.12,962.78,961.7,977.91,926.16,933.74,971.83,994.71,1031.85,1001.83,1006.17,1015.75,1024.26,1069.65,1096.99
KOR,South Korea,Climate Watch,Total including LUCF,All GHG,MtCO₂e,613.54,653.38,668.67,661.65,647.92,632.92,611.96,622.42,622.01,618.62,584.93,532.97,519.03,506.15,496.26,487.96,492.62,466.96,458.96,453.54,459.88,411.34,373.45,438.7,412.8,384.7,351.76,323.52,291.85,266.42,238.21
MEX,Mexico,Climate Watch,Total including LUCF,All GHG,MtCO₂e,609.07,676.87,666.45,696.29,698.62,689.34,673.09,680.12,693.4,688.09,584.34,567.53,578.16,574.42,563.12,543.34,519.4,512.07,485.25,474.84,567.4,540.36,556.56,523.23,499.27,480.09,500.82,474.12,456.7,453.72,434.41
AUS,Australia,Climate Watch,Total including LUCF,All GHG,MtCO₂e,585.42,636.3,646.62,651.17,604.94,594.35,594.51,578.02,662.98,661.98,619.73,638.23,620.49,649.59,649.29,601.49,639.4,587.87,664.29,667.51,660.97,642.23,602.25,575.67,565.06,563.36,554.99,549.18,547.0,546.09,545.39
ZAF,South Africa,Climate Watch,Total including LUCF,All GHG,MtCO₂e,508.38,562.29,555.29,551.25,537.69,537.03,561.56,549.29,539.32,519.26,535.19,512.17,533.78,500.72,479.36,476.78,476.47,448.13,424.51,409.28,375.8,372.12,392.44,383.79,368.08,356.75,344.1,337.39,327.12,330.79,334.69
TUR,Türkiye,Climate Watch,Total including LUCF,All GHG,MtCO₂e,476.34,462.83,474.88,474.47,432.16,374.19,366.06,340.7,349.84,334.29,328.18,317.97,314.44,317.29,287.68,258.46,246.0,239.99,228.49,218.22,266.14,242.2,242.32,241.1,232.11,214.4,199.9,204.74,198.45,190.96,188.51
VNM,Vietnam,Climate Watch,Total including LUCF,All GHG,MtCO₂e,458.14,441.96,386.71,329.08,321.21,290.84,269.15,254.97,240.34,238.68,275.5,256.94,234.52,225.07,211.11,207.44,198.32,178.59,173.32,157.44,63.11,55.58,51.5,40.02,32.45,24.73,17.18,12.29,7.0,4.41,0.57
THA,Thailand,Climate Watch,Total including LUCF,All GHG,MtCO₂e,451.42,449.47,432.77,430.74,422.51,396.51,393.21,395.7,386.48,362.41,330.2,308.14,311.37,310.28,293.1,289.7,282.61,259.74,249.35,236.24,270.14,269.96,258.7,277.84,268.19,247.72,229.28,214.12,196.29,183.75,172.3
PAK,Pakistan,Climate Watch,Total including LUCF,All GHG,MtCO₂e,443.6,434.52,429.02,433.73,407.2,381.09,366.77,353.44,341.87,337.72,330.24,336.63,324.37,322.98,305.72,286.37,277.38,259.93,250.5,244.12,241.64,239.29,226.25,222.45,215.79,208.65,197.83,191.22,181.65,172.03,168.54
GBR,United Kingdom,Climate Watch,Total including LUCF,All GHG,MtCO₂e,411.12,452.15,468.34,476.57,493.0,512.98,528.21,567.81,585.43,565.57,607.41,594.77,651.07,671.69,687.09,690.82,697.02,702.4,693.65,711.88,701.79,699.68,723.42,725.57,745.84,724.11,731.86,734.26,752.53,770.32,761.46
ARG,Argentina,Climate Watch,Total including LUCF,All GHG,MtCO₂e,394.76,406.66,410.34,412.22,407.88,440.49,433.56,435.95,426.06,420.98,440.02,434.45,455.03,450.42,438.16,423.62,420.08,404.05,381.84,385.45,343.07,343.72,336.22,330.89,325.29,313.62,310.8,307.07,306.21,301.3,296.8
NGA,Nigeria,Climate Watch,Total including LUCF,All GHG,MtCO₂e,369.38,378.56,366.96,357.48,353.59,345.84,352.27,342.58,330.24,327.14,317.84,290.27,302.96,298.43,308.87,320.84,315.85,313.69,292.48,310.22,313.38,301.4,314.12,331.75,339.18,311.07,307.11,311.82,314.51,298.81,282.12
MYS,Malaysia,Climate Watch,Total including LUCF,All GHG,MtCO₂e,367.76,374.09,367.03,344.25,359.35,173.69,188.05,155.61,135.13,133.34,357.74,345.44,349.45,338.04,313.55,317.95,304.38,279.28,269.73,253.83,262.89,251.47,273.83,244.45,233.14,223.49,216.34,208.46,201.87,199.14,188.15
ITA,Italy,Climate Watch,Total including LUCF,All GHG,MtCO₂e,339.21,377.08,386.15,391.2,396.47,379.14,367.54,387.19,419.16,437.33,447.87,439.28,488.28,503.32,510.16,522.1,520.78,509.1,490.3,481.01,482.62,477.2,469.67,458.26,454.39,457.83,432.43,437.33,443.29,446.29,448.74
POL,Poland,Climate Watch,Total including LUCF,All GHG,MtCO₂e,320.92,337.91,355.52,357.31,343.96,338.97,335.81,349.03,354.82,361.8,321.18,302.74,317.55,323.76,323.23,308.87,307.46,303.38,291.95,298.44,358.97,372.65,383.34,412.21,422.66,408.08,408.34,413.49,412.94,423.19,425.06
FRA,France,Climate Watch,Total including LUCF,All GHG,MtCO₂e,314.57,351.6,360.98,375.56,372.24,372.72,367.33,400.78,399.86,396.23,407.0,403.06,420.92,426.95,433.64,443.48,442.18,443.99,438.84,445.8,482.03,483.63,492.82,476.79,486.13,466.4,457.73,463.46,482.42,496.98,471.94
EGY,Egypt,Climate Watch,Total including LUCF,All GHG,MtCO₂e,299.96,307.64,331.54,337.92,327.64,317.13,310.97,305.27,308.13,297.61,289.21,286.8,279.65,270.41,255.44,244.48,224.05,211.11,205.97,200.62,187.49,188.33,178.87,173.13,164.48,157.1,147.59,151.33,145.76,143.25,137.79
KAZ,Kazakhstan,Climate Watch,Total including LUCF,All GHG,MtCO₂e,291.82,283.98,296.72,296.63,273.35,257.16,276.36,325.46,310.46,312.35,305.57,285.23,312.82,265.22,252.63,232.79,218.27,199.95,188.69,160.57,161.44,161.66,175.57,175.03,197.46,222.29,250.79,272.6,309.05,306.51,297.98
COL,Colombia,Climate Watch,Total including LUCF,All GHG,MtCO₂e,270.31,269.55,266.74,257.52,262.11,231.77,232.56,228.88,220.57,222.49,242.52,237.25,233.7,232.41,226.95,226.14,225.57,223.64,221.87,223.82,234.49,230.34,241.85,239.78,233.69,233.64,229.44,226.97,222.0,218.85,217.45
DZA,Algeria,Climate Watch,Total including LUCF,All GHG,MtCO₂e,267.01,279.43,274.38,266.11,263.19,261.12,251.73,239.0,234.41,215.86,208.56,205.68,203.82,198.76,195.39,187.74,180.39,176.59,163.22,156.77,162.77,153.25,148.96,147.08,147.82,144.32,137.87,135.62,127.21,126.56,122.88
IRQ,Iraq,Climate Watch,Total including LUCF,All GHG,MtCO₂e,261.79,286.46,268.86,255.61,240.34,220.46,213.23,214.7,201.99,177.52,167.46,151.47,141.38,125.37,130.18,130.56,134.57,118.29,138.51,149.45,139.45,122.64,136.01,152.07,122.72,124.37,126.28,110.85,84.06,59.41,103.58
ESP,Spain,Climate Watch,Total including LUCF,All GHG,MtCO₂e,256.41,295.49,312.92,319.43,302.82,318.39,307.85,309.12,335.52,341.95,331.0,345.93,382.03,415.34,399.06,405.06,390.41,374.3,365.3,348.6,326.9,309.58,284.99,275.54,254.09,260.7,246.98,234.07,248.88,239.03,232.94
ARE,United Arab Emirates,Climate Watch,Total including LUCF,All GHG,MtCO₂e,249.93,248.67,234.35,251.24,260.39,253.03,240.98,238.37,226.42,215.07,207.64,199.98,200.15,174.31,163.49,156.12,146.81,138.69,130.41,128.62,114.7,114.11,112.8,110.65,107.32,102.9,97.92,89.21,85.01,87.04,78.6
MMR,Myanmar,Climate Watch,Total including LUCF,All GHG,MtCO₂e,246.64,238.65,236.7,233.22,218.75,226.38,219.88,211.68,209.55,200.48,231.22,225.77,214.63,229.26,218.45,214.12,224.13,209.55,196.69,197.95,217.72,220.83,215.7,209.38,211.71,216.03,212.89,210.26,207.58,204.85,205.44
VEN,Venezuela,Climate Watch,Total including LUCF,All GHG,MtCO₂e,237.63,301.85,352.99,394.21,430.86,523.98,547.72,552.48,549.73,514.4,496.84,492.87,504.37,488.33,492.85,494.65,474.38,450.92,465.94,483.18,535.48,518.95,541.78,540.55,520.94,492.99,466.51,461.67,454.21,452.08,436.57
PHL,Philippines,Climate Watch,Total including LUCF,All GHG,MtCO₂e,227.52,237.84,230.34,223.81,206.68,195.1,186.22,178.57,167.62,162.54,160.85,155.3,152.41,149.34,143.16,149.62,148.53,145.05,141.92,140.13,141.03,139.78,134.19,140.75,132.63,124.12,112.3,105.17,99.72,97.66,97.83
UKR,Ukraine,Climate Watch,Total including LUCF,All GHG,MtCO₂e,224.44,233.09,243.94,232.34,258.4,244.69,293.99,328.07,332.64,339.86,313.69,294.12,349.01,360.1,350.99,343.66,356.73,382.92,358.18,353.63,328.12,339.11,345.88,373.75,397.59,458.38,481.77,571.43,654.89,744.03,786.55
BGD,Bangladesh,Climate Watch,Total including LUCF,All GHG,MtCO₂e,224.35,229.71,231.97,222.52,212.54,205.43,197.18,192.19,186.9,182.03,176.73,169.09,165.11,156.51,153.78,147.84,142.96,141.15,139.15,135.74,129.43,128.07,123.99,124.07,121.79,121.34,116.22,113.66,112.3,110.23,110.03
ETH,Ethiopia,Climate Watch,Total including LUCF,All GHG,MtCO₂e,199.27,191.33,180.07,177.41,174.17,167.79,164.52,158.2,153.96,148.29,148.17,142.96,138.9,135.11,125.06,120.28,116.75,114.64,116.18,106.64,100.36,104.06,103.24,97.52,93.52,90.79,89.95,88.75,94.63,93.79,93.4
TKM,Turkmenistan,Climate Watch,Total including LUCF,All GHG,MtCO₂e,194.09,216.21,199.52,196.84,198.24,203.46,197.35,199.58,190.72,182.46,151.29,135.59,178.13,170.69,157.27,157.05,152.34,144.32,128.13,119.81,117.81,92.43,73.66,71.82,87.26,90.23,89.36,110.39,100.25,145.04,153.46
UZB,Uzbekistan,Climate Watch,Total including LUCF,All GHG,MtCO₂e,184.15,186.84,181.47,174.02,168.7,159.95,164.93,172.83,174.19,189.62,178.26,167.15,180.12,170.94,175.84,164.92,171.91,168.06,175.7,169.41,177.8,170.93,170.62,153.64,149.37,148.06,158.02,160.33,157.64,169.09,167.26
PER,Peru,Climate Watch,Total including LUCF,All GHG,MtCO₂e,179.78,190.31,186.99,186.81,189.17,185.54,183.8,180.1,178.24,177.92,149.92,145.34,141.26,136.4,132.43,133.1,131.45,127.47,127.52,125.58,122.48,121.87,117.66,116.82,115.86,112.18,107.26,104.89,103.8,103.14,104.25
NLD,Netherlands,Climate Watch,Total including LUCF,All GHG,MtCO₂e,162.55,178.85,184.43,190.29,194.3,193.4,185.15,192.35,192.68,194.3,207.22,196.57,201.64,204.32,204.83,209.48,215.24,213.54,213.66,213.93,213.16,215.15,227.44,227.23,235.29,224.42,221.55,221.57,217.01,217.67,212.73
TZA,Tanzania,Climate Watch,Total including LUCF,All GHG,MtCO₂e,158.82,156.97,151.84,153.04,153.33,141.96,135.79,135.54,133.74,129.3,127.57,124.68,122.49,119.8,117.89,123.43,117.27,117.94,109.06,103.29,97.86,100.44,100.32,96.1,96.44,103.85,99.67,98.93,98.31,98.19,97.91
KWT,Kuwait,Climate Watch,Total including LUCF,All GHG,MtCO₂e,135.89,137.49,134.81,130.51,131.4,125.79,121.29,122.07,117.81,113.29,107.6,103.43,103.25,96.36,98.3,94.62,85.44,80.22,74.97,73.18,70.11,64.32,61.57,56.8,54.21,54.22,54.45,46.77,32.41,10.55,39.32
BOL,Bolivia,Climate Watch,Total including LUCF,All GHG,MtCO₂e,131.43,139.18,126.68,126.26,128.19,117.14,113.55,113.31,113.51,113.02,128.12,102.14,104.1,110.72,104.49,102.56,108.56,93.32,96.96,90.09,110.4,119.98,114.25,114.29,111.84,112.29,113.72,114.55,115.81,115.0,113.88
CMR,Cameroon,Climate Watch,Total including LUCF,All GHG,MtCO₂e,128.4,126.77,125.68,124.89,125.54,123.72,121.8,120.9,118.92,118.75,127.05,126.67,127.19,126.66,126.16,128.88,126.26,129.66,126.46,126.39,140.78,139.23,140.42,136.44,135.56,134.21,134.6,81.5,84.01,84.47,76.63
SDN,Sudan,Climate Watch,Total including LUCF,All GHG,MtCO₂e,128.14,128.19,127.87,126.93,127.25,124.64,121.25,120.26,119.42,118.04,115.38,117.45,115.75,115.5,109.98,110.89,105.93,102.94,100.42,95.28,106.32,105.85,101.68,94.9,87.22,82.52,81.38,76.7,74.74,71.09,70.23
QAT,Qatar,Climate Watch,Total including LUCF,All GHG,MtCO₂e,119.61,121.51,119.19,119.44,119.02,116.59,113.52,108.73,106.66,97.69,86.7,76.0,73.84,68.22,60.23,53.56,51.85,47.92,44.07,40.08,40.41,39.51,36.4,34.92,27.85,25.22,24.46,21.94,19.13,19.32,16.24
AGO,Angola,Climate Watch,Total including LUCF,All GHG,MtCO₂e,119.41,129.96,122.18,136.1,137.55,140.55,134.32,132.34,130.23,130.99,131.8,127.06,124.26,121.3,116.62,118.91,118.2,114.75,108.15,104.0,81.57,87.8,90.24,80.81,81.71,78.78,75.64,72.68,69.75,68.92,68.49
TCD,Chad,Climate Watch,Total including LUCF,All GHG,MtCO₂e,114.0,108.75,105.93,101.55,99.75,97.02,92.33,89.87,88.17,84.75,73.14,69.68,69.71,69.36,66.98,65.58,62.21,59.02,54.76,50.51,46.34,46.06,44.23,39.67,37.95,34.51,33.51,32.49,31.57,30.71,24.28
ZWE,Zimbabwe,Climate Watch,Total including LUCF,All GHG,MtCO₂e,113.2,116.03,116.76,115.0,115.32,41.86,40.34,42.19,42.23,42.13,39.45,36.58,35.91,37.73,37.16,38.21,37.44,37.38,39.71,42.31,41.46,44.46,42.12,40.83,41.71,39.67,39.85,40.13,43.68,42.85,42.57
MOZ,Mozambique,Climate Watch,Total including LUCF,All GHG,MtCO₂e,103.81,105.99,110.99,107.7,109.32,98.39,99.99,100.48,98.95,94.15,104.96,96.17,101.79,96.51,95.45,96.69,91.53,92.5,87.26,87.05,68.88,71.06,72.22,69.16,71.41,86.59,86.34,86.05,85.33,84.68,84.41
CZE,Czech Republic,Climate Watch,Total including LUCF,All GHG,MtCO₂e,102.64,112.1,117.4,118.66,118.6,119.02,117.13,119.84,125.08,128.57,127.89,126.62,132.56,138.0,136.19,135.14,136.65,136.37,133.1,138.66,136.38,124.42,132.93,139.9,142.91,138.89,140.11,146.91,154.29,158.86,175.65
BEL,Belgium,Climate Watch,Total including LUCF,All GHG,MtCO₂e,100.27,108.29,109.15,108.39,110.53,109.08,104.43,110.55,109.61,110.83,121.93,114.45,120.96,118.24,123.03,126.94,129.67,131.79,128.4,135.73,134.3,134.27,138.12,135.36,138.54,133.19,133.03,127.67,129.87,131.82,126.91
PRY,Paraguay,Climate Watch,Total including LUCF,All GHG,MtCO₂e,97.29,96.7,94.52,96.37,93.54,114.68,114.29,112.48,110.88,109.66,96.58,94.08,92.04,94.24,90.73,90.65,89.22,91.45,89.79,89.41,73.27,77.91,74.8,74.67,73.5,73.68,71.71,71.75,71.56,72.27,75.28
OMN,Oman,Climate Watch,Total including LUCF,All GHG,MtCO₂e,95.1,99.97,99.28,94.13,94.85,91.49,87.08,83.5,79.58,71.4,64.02,59.69,56.72,57.1,54.22,45.95,45.91,46.64,44.84,43.18,39.43,35.16,32.24,33.03,31.77,30.85,27.46,25.55,24.16,24.33,20.18
ECU,Ecuador,Climate Watch,Total including LUCF,All GHG,MtCO₂e,94.19,100.26,100.11,98.86,100.23,92.15,93.81,92.1,89.01,89.14,100.43,96.84,93.43,91.7,92.12,89.62,87.89,83.54,82.32,82.74,85.57,86.2,89.05,90.76,88.87,84.75,82.28,79.02,77.36,74.83,74.1
ZMB,Zambia,Climate Watch,Total including LUCF,All GHG,MtCO₂e,91.19,94.15,93.86,95.11,94.8,96.24,90.13,89.5,88.3,84.57,70.5,63.53,67.48,64.64,61.7,66.91,64.05,63.38,56.91,53.49,45.42,48.87,50.53,49.28,48.79,60.86,61.08,61.81,62.25,62.1,61.73
BLR,Belarus,Climate Watch,Total including LUCF,All GHG,MtCO₂e,86.3,88.73,90.5,87.61,86.11,92.11,96.59,97.34,96.75,95.15,89.41,84.79,87.73,83.68,84.99,81.8,80.99,77.32,76.35,76.82,70.37,72.92,74.86,76.67,76.15,75.33,83.02,96.14,108.91,123.68,128.92
MAR,Morocco,Climate Watch,Total including LUCF,All GHG,MtCO₂e,86.1,90.6,83.85,82.48,78.2,79.92,77.74,76.55,76.06,74.25,66.22,62.81,62.77,60.28,59.54,57.58,54.6,49.97,49.99,48.47,44.55,43.48,41.3,40.4,38.49,37.82,37.13,34.01,34.32,33.22,31.9
ISR,Israel,Climate Watch,Total including LUCF,All GHG,MtCO₂e,83.75,87.27,85.08,88.72,87.17,87.26,85.15,87.0,95.5,88.97,89.22,83.76,84.29,83.62,80.47,76.2,77.56,76.46,75.65,73.68,73.82,68.93,66.72,65.36,62.33,59.21,55.36,52.02,47.95,45.15,44.08
PRK,North Korea,Climate Watch,Total including LUCF,All GHG,MtCO₂e,79.44,82.75,77.64,81.28,54.33,50.86,57.37,53.36,64.11,62.79,75.36,78.19,94.68,86.53,99.42,97.23,93.89,91.36,89.66,92.21,93.92,90.69,86.52,93.41,97.47,109.37,118.39,129.62,139.15,153.64,161.3
MNG,Mongolia,Climate Watch,Total including LUCF,All GHG,MtCO₂e,76.38,79.41,75.87,73.99,71.17,69.02,67.58,65.03,62.51,59.14,56.34,59.07,57.98,57.76,55.0,52.07,49.3,49.45,49.68,51.47,54.77,53.6,53.48,53.83,51.63,52.21,51.27,53.08,54.28,56.51,54.27
LBY,Libya,Climate Watch,Total including LUCF,All GHG,MtCO₂e,75.37,114.3,109.31,100.22,79.81,82.79,92.39,108.12,124.55,70.06,126.23,119.68,122.3,117.7,121.78,119.49,110.33,107.03,98.3,98.94,102.69,98.66,100.72,101.1,108.69,105.86,97.77,83.6,75.89,84.39,80.13
KHM,Cambodia,Climate Watch,Total including LUCF,All GHG,MtCO₂e,74.85,74.08,69.61,70.13,67.77,101.54,99.27,98.77,98.68,100.66,36.35,37.5,35.92,36.21,35.24,31.38,33.46,32.56,30.02,27.4,26.37,28.03,28.44,24.92,23.59,27.77,25.07,26.31,25.49,24.96,25.26
ROU,Romania,Climate Watch,Total including LUCF,All GHG,MtCO₂e,72.84,78.94,80.54,79.34,76.35,-184.38,-186.66,-186.0,-176.75,-174.45,103.37,106.24,122.0,124.0,126.35,122.76,123.34,125.0,120.1,123.0,121.41,117.41,133.19,149.18,160.67,157.0,151.44,155.48,166.25,185.85,224.07
KEN,Kenya,Climate Watch,Total including LUCF,All GHG,MtCO₂e,72.62,71.03,63.25,62.21,64.42,74.93,72.93,69.84,68.94,69.85,74.73,73.3,72.82,71.73,55.15,54.74,54.32,51.77,50.76,49.88,31.22,32.25,30.26,29.03,29.29,29.93,29.64,29.29,29.53,29.55,30.82
NZL,New Zealand,Climate Watch,Total including LUCF,All GHG,MtCO₂e,70.86,73.89,72.51,73.12,71.5,66.79,67.41,66.79,67.16,64.7,59.12,58.98,61.85,61.89,63.01,62.86,61.45,62.07,59.55,58.39,52.62,52.45,50.19,51.87,49.35,48.95,47.67,46.2,47.01,46.17,46.51
SSD,South Sudan,Climate Watch,Total including LUCF,All GHG,MtCO₂e,70.61,61.46,69.18,64.09,66.55,62.8,62.39,61.15,60.99,76.31,79.94,80.69,78.67,77.64,73.58,74.72,71.36,68.88,65.89,62.04,67.58,65.68,62.18,56.54,51.19,46.76,45.97,44.0,42.12,39.73,38.87
GRC,Greece,Climate Watch,Total including LUCF,All GHG,MtCO₂e,70.56,79.93,85.41,88.13,88.53,89.81,91.55,94.63,102.3,106.75,107.34,114.21,120.78,125.2,121.29,122.84,120.81,120.75,117.54,117.26,116.89,111.09,110.19,105.99,104.91,103.82,99.4,96.77,96.41,94.34,94.27
IRL,Ireland,Climate Watch,Total including LUCF,All GHG,MtCO₂e,66.46,68.58,70.6,72.91,73.75,71.4,69.57,69.25,70.11,68.67,72.76,73.99,79.4,80.49,82.0,81.42,80.17,80.98,80.09,81.51,78.94,75.77,74.09,70.8,69.43,68.11,67.33,65.91,65.26,65.09,64.56
SGP,Singapore,Climate Watch,Total including LUCF,All GHG,MtCO₂e,64.3,65.04,64.36,65.77,62.69,62.33,60.61,59.44,58.54,58.94,55.9,52.14,51.58,51.28,50.0,49.57,52.29,50.83,53.98,54.73,54.81,49.95,48.74,49.4,49.3,47.91,46.6,43.08,36.62,33.99,30.84
AUT,Austria,Climate Watch,Total including LUCF,All GHG,MtCO₂e,64.09,69.7,68.66,71.77,69.85,69.55,68.27,72.03,71.42,74.86,77.58,71.79,78.98,79.23,82.18,84.39,84.34,83.45,78.52,77.02,65.4,65.17,66.99,67.02,67.99,64.27,61.79,61.72,61.79,67.61,63.33
SRB,Serbia,Climate Watch,Total including LUCF,All GHG,MtCO₂e,62.81,62.08,61.57,63.27,62.89,58.68,52.36,60.35,59.63,64.48,27.4,27.87,30.33,32.57,33.63,31.42,39.12,33.79,30.74,27.36,57.71,55.68,73.15,73.39,68.45,60.83,54.28,57.99,63.72,69.09,79.56
FIN,Finland,Climate Watch,Total including LUCF,All GHG,MtCO₂e,61.7,66.6,69.77,68.21,70.93,6.94,10.41,14.43,13.65,19.24,66.72,58.59,62.01,70.21,72.17,60.53,72.82,76.59,68.26,65.87,44.69,45.76,46.23,49.79,51.68,45.21,49.17,42.53,41.29,44.39,44.5
HUN,Hungary,Climate Watch,Total including LUCF,All GHG,MtCO₂e,61.39,63.89,66.09,66.51,61.49,60.18,57.25,56.96,59.32,63.19,64.87,64.91,70.75,72.13,74.3,75.02,75.71,76.88,74.14,75.77,72.88,75.86,75.07,75.15,76.84,74.62,76.31,76.59,76.12,86.01,91.05
BFA,Burkina Faso,Climate Watch,Total including LUCF,All GHG,MtCO₂e,56.36,55.74,54.76,53.89,52.94,33.24,32.09,31.61,30.62,29.94,40.1,38.96,38.31,37.51,36.8,36.79,36.18,35.65,32.24,31.56,29.78,28.38,28.4,27.57,26.96,25.8,25.44,24.99,24.76,24.47,24.05
PRT,Portugal,Climate Watch,Total including LUCF,All GHG,MtCO₂e,56.01,61.84,66.89,71.73,66.78,66.68,62.56,62.97,64.66,66.35,68.64,74.04,74.83,77.08,78.47,83.62,80.43,78.68,83.23,78.6,80.2,80.68,73.97,68.78,66.45,68.04,64.28,62.37,63.46,59.42,57.69
CAF,Central African Republic,Climate Watch,Total including LUCF,All GHG,MtCO₂e,55.52,55.64,57.54,57.68,63.58,55.05,52.59,56.15,58.2,63.43,60.57,51.62,64.11,64.79,61.99,63.37,55.51,68.85,52.3,57.03,44.22,43.0,46.74,41.53,38.24,53.62,53.49,50.99,50.94,50.89,50.58
BHR,Bahrain,Climate Watch,Total including LUCF,All GHG,MtCO₂e,54.15,54.19,51.25,50.34,49.46,48.87,48.1,46.01,43.19,41.6,40.9,38.94,38.4,35.91,34.71,32.24,28.96,28.72,27.65,26.45,25.62,24.54,23.95,22.2,21.2,19.95,19.23,18.78,17.79,15.59,15.95
UGA,Uganda,Climate Watch,Total including LUCF,All GHG,MtCO₂e,53.61,52.61,51.89,50.63,49.86,49.79,48.13,47.11,47.22,45.61,45.36,43.89,43.58,37.39,34.72,36.18,34.19,34.25,32.53,31.78,32.16,32.38,32.57,31.15,29.79,29.04,28.38,28.73,28.38,28.14,27.67
BWA,Botswana,Climate Watch,Total including LUCF,All GHG,MtCO₂e,53.52,51.76,54.43,55.84,52.08,53.18,53.8,55.09,54.15,66.85,62.0,51.56,60.63,51.9,53.65,51.83,50.42,49.82,56.94,56.6,54.77,55.1,55.13,55.42,55.87,54.29,53.39,53.16,53.5,53.27,53.86
AZE,Azerbaijan,Climate Watch,Total including LUCF,All GHG,MtCO₂e,53.45,54.62,51.26,49.85,50.57,49.29,49.42,48.19,46.99,43.94,42.51,43.61,47.75,43.27,44.11,41.72,38.63,38.56,35.85,35.78,36.63,34.86,34.6,34.07,34.51,40.0,40.88,60.27,80.83,71.49,73.89
CIV,Côte d'Ivoire,Climate Watch,Total including LUCF,All GHG,MtCO₂e,52.47,51.66,50.55,50.65,50.13,48.62,47.81,47.92,46.49,44.86,45.23,45.56,47.01,47.47,48.04,49.0,47.67,49.26,51.92,51.52,86.32,86.32,84.12,83.35,81.6,80.63,79.76,76.93,74.25,71.61,68.9
PNG,Papua New Guinea,Climate Watch,Total including LUCF,All GHG,MtCO₂e,51.65,53.26,52.89,51.78,51.71,52.14,49.36,47.8,46.6,45.93,37.87,37.87,37.68,38.12,38.19,38.17,39.67,38.5,38.53,37.78,38.02,37.0,36.17,49.88,35.37,35.89,32.84,31.96,30.9,29.85,28.85
CHL,Chile,Climate Watch,Total including LUCF,All GHG,MtCO₂e,49.69,56.37,50.16,51.35,49.46,22.01,15.89,23.21,20.06,17.66,56.4,51.29,53.78,48.9,41.14,39.88,39.23,33.86,33.16,32.45,53.38,57.36,54.46,53.42,46.23,39.74,36.05,31.98,29.3,27.71,28.84
NPL,Nepal,Climate Watch,Total including LUCF,All GHG,MtCO₂e,48.48,48.4,48.24,46.12,45.1,38.66,39.68,38.29,37.6,36.07,28.11,26.83,24.93,23.5,23.43,23.94,23.22,23.17,21.87,22.76,25.12,24.84,23.51,22.88,22.48,22.47,21.38,20.66,19.85,20.13,19.88
SYR,Syria,Climate Watch,Total including LUCF,All GHG,MtCO₂e,47.12,47.61,47.04,45.71,43.53,43.83,45.61,51.56,74.14,98.57,103.73,104.29,108.76,108.19,105.4,103.38,93.43,100.75,101.35,99.41,99.56,99.88,100.43,97.31,97.66,95.8,92.06,88.77,85.14,80.07,70.48
SLB,Solomon Islands,Climate Watch,Total including LUCF,All GHG,MtCO₂e,46.25,46.3,46.27,46.24,46.21,-17.04,-17.02,-16.99,-17.04,-17.06,2.43,2.41,2.39,2.37,2.35,2.33,2.31,2.28,2.27,2.25,4.45,4.43,4.42,4.4,4.39,4.37,4.36,4.34,4.32,4.31,4.3
NER,Niger,Climate Watch,Total including LUCF,All GHG,MtCO₂e,46.04,43.99,42.06,40.2,38.77,37.07,35.87,34.16,32.39,30.35,29.33,29.22,27.88,26.66,25.46,24.53,23.63,22.77,21.87,21.08,24.82,24.3,23.71,22.78,22.11,21.33,20.75,20.25,19.59,19.1,18.64
SOM,Somalia,Climate Watch,Total including LUCF,All GHG,MtCO₂e,43.62,43.47,42.97,42.98,43.14,43.11,43.05,42.92,42.79,42.5,42.34,42.14,42.11,42.09,43.19,44.46,44.02,43.72,43.49,43.09,42.55,42.38,42.31,42.47,42.08,41.63,40.97,39.03,37.05,39.0,41.89
MLI,Mali,Climate Watch,Total including LUCF,All GHG,MtCO₂e,43.49,41.16,39.74,38.49,37.82,34.42,33.16,32.02,30.83,29.84,29.1,27.38,27.64,26.03,25.02,24.85,24.07,21.72,20.94,20.46,23.39,24.89,23.82,19.6,18.77,18.4,18.02,17.74,17.5,17.42,17.48
LAO,Laos,Climate Watch,Total including LUCF,All GHG,MtCO₂e,43.36,40.5,39.69,39.52,38.18,29.79,25.12,25.01,23.6,21.67,29.22,25.2,23.76,28.64,23.28,24.36,27.45,22.65,22.07,20.85,20.31,20.43,21.76,20.03,20.38,20.3,20.25,19.88,19.86,19.56,19.64
DNK,Denmark,Climate Watch,Total including LUCF,All GHG,MtCO₂e,43.19,45.63,49.18,49.74,52.01,47.57,49.59,53.79,52.39,57.51,64.94,64.68,67.62,71.17,76.07,68.42,72.11,78.28,72.77,73.42,72.07,75.77,78.54,82.54,92.21,78.68,81.77,78.07,75.42,81.57,70.69
CHE,Switzerland,Climate Watch,Total including LUCF,All GHG,MtCO₂e,42.25,44.74,44.96,46.2,47.18,46.7,47.48,51.29,50.26,48.96,52.92,51.35,52.79,51.17,53.09,53.38,52.66,52.17,50.95,52.62,51.86,52.61,52.48,50.92,52.38,51.76,50.84,51.73,54.1,54.17,51.95
GIN,Guinea,Climate Watch,Total including LUCF,All GHG,MtCO₂e,41.79,40.71,38.42,38.16,37.72,33.97,33.35,32.85,32.81,31.51,30.13,27.88,27.43,26.81,26.46,26.12,24.64,24.62,24.37,23.2,22.21,21.77,22.2,20.73,20.3,20.85,20.44,20.03,19.67,19.34,19.02
MDG,Madagascar,Climate Watch,Total including LUCF,All GHG,MtCO₂e,40.21,40.45,38.91,38.04,39.03,37.98,37.09,37.28,38.34,37.7,49.72,49.04,47.99,49.26,47.85,49.27,45.08,46.18,43.69,46.07,53.96,55.26,55.6,54.41,55.02,54.42,53.92,54.16,53.78,53.52,53.49
NIC,Nicaragua,Climate Watch,Total including LUCF,All GHG,MtCO₂e,38.15,38.2,37.86,37.91,38.18,29.27,28.36,27.4,27.12,26.76,38.28,37.89,37.84,37.95,37.79,37.65,37.14,37.71,36.5,36.05,31.95,31.38,30.82,29.87,29.03,29.03,29.64,29.33,28.67,27.76,29.13
TUN,Tunisia,Climate Watch,Total including LUCF,All GHG,MtCO₂e,37.1,38.82,38.68,38.16,37.84,46.76,46.31,43.77,44.51,41.92,38.25,35.78,35.47,34.99,33.41,32.27,31.55,30.21,30.41,30.21,29.72,28.36,26.86,25.42,24.9,23.53,23.03,23.32,23.11,21.78,20.78
LKA,Sri Lanka,Climate Watch,Total including LUCF,All GHG,MtCO₂e,36.9,37.26,35.09,35.65,36.55,31.8,29.33,26.68,29.57,27.69,26.93,25.65,26.5,26.24,25.31,26.86,24.92,24.79,23.62,22.76,25.14,25.9,26.48,28.97,30.95,31.02,30.9,30.13,29.81,28.04,28.2
GTM,Guatemala,Climate Watch,Total including LUCF,All GHG,MtCO₂e,36.78,38.19,36.8,35.21,35.82,38.79,35.72,34.72,33.45,32.77,38.21,38.47,36.76,38.16,36.46,37.34,34.99,36.44,34.4,33.11,36.47,34.19,35.54,31.87,31.61,31.35,30.32,30.12,29.47,28.27,27.9
CUB,Cuba,Climate Watch,Total including LUCF,All GHG,MtCO₂e,35.62,36.31,38.69,38.25,39.54,31.86,29.85,31.98,31.62,30.56,33.07,31.93,31.05,31.73,30.8,29.84,29.74,30.31,31.21,32.43,32.85,32.52,32.1,32.58,30.34,27.67,26.54,25.11,28.57,34.76,43.93
DOM,Dominican Republic,Climate Watch,Total including LUCF,All GHG,MtCO₂e,35.5,38.2,37.7,35.46,36.2,35.35,32.92,32.57,32.8,31.99,30.85,29.49,30.0,29.85,28.65,26.73,25.41,26.12,28.45,26.02,19.91,19.21,18.61,16.67,14.99,14.07,13.57,11.59,11.09,9.62,8.5
SVK,Slovakia,Climate Watch,Total including LUCF,All GHG,MtCO₂e,34.95,37.01,38.85,39.4,37.47,30.08,29.65,32.29,31.63,33.99,34.7,33.17,36.81,36.78,37.74,38.17,37.35,38.04,37.78,38.23,36.59,39.21,40.66,41.81,41.95,41.94,41.36,44.04,46.67,49.2,57.28
SEN,Senegal,Climate Watch,Total including LUCF,All GHG,MtCO₂e,34.71,35.46,32.42,32.08,31.92,29.75,29.01,28.38,27.21,27.62,28.56,27.53,27.06,26.13,25.97,25.56,24.82,22.68,23.37,23.91,24.78,24.81,22.62,21.41,20.93,19.36,19.09,18.76,18.51,18.07,17.78
URY,Uruguay,Climate Watch,Total including LUCF,All GHG,MtCO₂e,34.28,34.85,34.52,34.61,35.37,29.96,30.08,30.58,31.57,30.71,26.08,28.47,28.92,26.34,27.38,25.25,25.08,23.17,22.29,21.97,19.11,20.98,19.92,20.33,20.62,19.29,19.09,19.21,18.67,17.06,15.45
SWE,Sweden,Climate Watch,Total including LUCF,All GHG,MtCO₂e,34.14,35.44,36.09,38.23,38.51,33.41,33.44,34.63,36.41,39.18,54.17,48.39,52.17,53.31,55.25,56.74,60.37,61.68,60.61,59.23,73.94,77.83,79.08,78.24,84.43,78.83,79.22,77.39,77.42,74.85,74.24
JOR,Jordan,Climate Watch,Total including LUCF,All GHG,MtCO₂e,33.15,34.9,35.97,36.77,35.01,34.86,34.46,32.29,32.05,28.26,27.36,27.64,26.81,27.46,26.12,25.32,23.77,22.31,21.73,20.94,20.84,20.27,21.2,21.99,22.48,23.25,23.62,22.53,21.81,19.06,18.61
NOR,Norway,Climate Watch,Total including LUCF,All GHG,MtCO₂e,31.33,32.82,33.76,34.4,34.73,35.28,34.61,34.53,33.79,34.13,31.34,28.73,29.13,30.44,30.1,29.77,30.77,30.45,28.4,28.86,36.39,41.95,39.93,38.66,36.93,36.79,36.9,34.99,32.56,32.37,34.99
AFG,Afghanistan,Climate Watch,Total including LUCF,All GHG,MtCO₂e,31.27,32.89,32.74,31.91,31.02,31.37,30.92,30.18,30.68,32.2,28.71,24.44,21.47,18.34,17.39,16.76,15.69,16.08,15.38,12.73,11.82,13.59,12.68,11.83,10.84,9.79,9.34,9.29,9.16,9.51,9.24
COG,Republic of Congo,Climate Watch,Total including LUCF,All GHG,MtCO₂e,29.63,30.35,29.02,26.15,25.84,25.03,24.21,24.9,25.33,26.14,26.14,24.07,22.84,22.34,24.79,23.21,21.12,20.45,18.85,21.14,21.8,21.58,20.99,19.54,18.79,18.63,17.77,18.81,19.33,19.03,19.04
LBN,Lebanon,Climate Watch,Total including LUCF,All GHG,MtCO₂e,28.87,34.05,34.21,35.7,33.91,32.81,30.66,28.47,28.49,25.85,25.25,26.15,22.68,18.89,19.96,20.9,21.48,20.92,20.22,20.25,18.93,20.1,19.12,18.76,16.54,15.5,13.2,12.26,8.85,8.79,7.29
HND,Honduras,Climate Watch,Total including LUCF,All GHG,MtCO₂e,27.67,27.89,26.83,26.61,27.98,28.02,27.43,26.9,26.58,26.6,23.7,23.77,23.76,23.53,22.78,22.49,21.56,22.27,19.26,18.81,18.78,18.28,19.43,18.88,18.47,18.97,18.2,17.52,17.71,17.4,17.29
BEN,Benin,Climate Watch,Total including LUCF,All GHG,MtCO₂e,26.96,26.44,26.02,24.73,24.54,22.84,22.41,21.89,21.25,21.3,21.2,20.8,20.16,20.45,19.75,19.57,18.35,18.27,18.38,17.33,22.8,22.66,22.86,21.83,21.47,19.9,20.11,19.84,19.8,19.71,19.61
TTO,Trinidad and Tobago,Climate Watch,Total including LUCF,All GHG,MtCO₂e,26.61,29.04,29.33,29.48,29.28,32.95,33.89,33.9,32.94,33.45,32.55,29.86,30.68,31.03,30.37,26.7,24.5,23.44,19.44,17.66,15.88,14.9,14.41,14.01,13.58,12.53,12.91,16.25,20.52,20.61,20.71
BIH,Bosnia and Herzegovina,Climate Watch,Total including LUCF,All GHG,MtCO₂e,24.39,24.54,26.1,26.1,25.82,21.26,21.04,23.54,23.77,25.56,26.49,26.46,26.39,24.27,23.17,21.29,20.53,19.47,18.94,18.78,22.12,18.34,18.38,15.56,10.66,9.62,9.71,20.1,23.56,30.87,33.6
YEM,Yemen,Climate Watch,Total including LUCF,All GHG,MtCO₂e,24.39,25.93,25.02,23.06,22.62,27.9,47.64,48.95,40.55,44.13,48.1,47.66,44.83,44.93,43.96,42.52,40.19,39.65,36.04,35.96,34.7,31.96,29.33,28.11,26.42,25.77,24.63,20.35,19.21,18.61,16.87
LTU,Lithuania,Climate Watch,Total including LUCF,All GHG,MtCO₂e,24.13,24.12,24.0,23.92,24.01,18.55,18.29,18.79,19.69,19.76,26.39,25.59,29.18,29.75,28.73,28.6,27.47,26.54,26.37,26.02,26.09,27.79,30.55,29.66,29.89,29.11,30.68,32.72,38.62,53.56,51.82
NAM,Namibia,Climate Watch,Total including LUCF,All GHG,MtCO₂e,24.12,21.35,22.18,22.94,22.88,22.22,22.16,22.91,29.73,28.18,23.2,23.8,20.88,22.29,22.94,21.65,21.05,20.57,19.92,21.31,21.32,20.51,20.47,19.76,19.92,20.05,19.95,19.75,19.78,19.82,N/A
PAN,Panama,Climate Watch,Total including LUCF,All GHG,MtCO₂e,21.46,24.84,21.53,21.51,21.94,21.73,21.83,21.4,21.42,20.72,19.62,19.0,17.41,17.3,17.29,16.76,15.11,15.13,14.82,15.54,15.77,15.67,16.53,15.45,15.51,15.52,15.32,15.03,14.77,14.1,13.61
GAB,Gabon,Climate Watch,Total including LUCF,All GHG,MtCO₂e,21.16,21.4,20.33,20.93,22.59,22.19,21.78,21.48,21.38,21.8,18.55,17.7,17.91,17.24,17.96,19.37,19.82,20.21,18.75,19.42,20.0,20.71,21.83,20.81,20.89,19.92,18.65,17.46,17.29,17.25,16.1
MWI,Malawi,Climate Watch,Total including LUCF,All GHG,MtCO₂e,20.31,19.98,18.9,17.41,17.16,16.67,16.3,15.68,15.57,15.09,15.09,13.95,14.15,13.53,12.97,13.04,12.7,12.89,12.4,12.01,11.95,11.96,11.94,11.69,11.77,11.72,11.51,11.9,11.76,11.76,11.58
GUY,Guyana,Climate Watch,Total including LUCF,All GHG,MtCO₂e,18.17,17.97,17.66,17.5,17.4,19.98,19.83,19.62,19.46,19.21,11.5,11.24,11.21,11.06,10.75,10.95,11.31,11.02,10.74,10.85,10.09,10.41,10.43,10.28,10.0,9.74,9.04,8.73,7.93,7.94,7.77
GEO,Georgia,Climate Watch,Total including LUCF,All GHG,MtCO₂e,17.69,17.89,17.14,17.48,17.54,17.15,16.81,16.16,15.14,14.28,9.59,9.85,9.1,9.99,9.23,8.87,8.32,8.24,7.72,8.27,-4.02,-4.43,-4.18,-3.7,-2.88,-1.36,1.7,8.86,14.39,21.89,31.33
TJK,Tajikistan,Climate Watch,Total including LUCF,All GHG,MtCO₂e,17.56,17.29,15.89,14.49,13.1,12.02,11.42,9.88,9.46,8.66,8.44,8.35,8.67,8.29,7.58,7.09,7.02,6.47,6.32,6.29,6.65,7.02,7.51,7.59,7.35,8.0,8.61,11.12,13.98,16.97,17.85
HRV,Croatia,Climate Watch,Total including LUCF,All GHG,MtCO₂e,17.05,17.96,17.87,18.98,18.33,21.11,20.5,21.3,22.39,24.38,25.32,25.88,28.43,29.25,27.74,27.01,27.07,27.35,26.24,25.19,24.36,25.32,25.8,25.39,23.78,24.62,23.3,23.22,22.38,21.39,27.72
SVN,Slovenia,Climate Watch,Total including LUCF,All GHG,MtCO₂e,15.65,16.9,17.32,17.45,17.27,13.48,13.39,14.89,15.52,16.13,7.29,7.0,8.97,8.0,8.03,7.69,7.44,7.24,7.28,7.2,8.39,8.59,9.25,9.51,9.04,8.24,7.41,7.36,6.62,6.9,7.91
LBR,Liberia,Climate Watch,Total including LUCF,All GHG,MtCO₂e,15.62,15.84,15.46,15.62,15.73,16.7,15.85,15.12,15.13,15.05,14.85,15.57,14.58,14.59,14.78,14.5,14.43,14.4,14.25,14.25,14.26,14.21,14.3,14.22,14.18,14.27,14.26,14.26,14.27,14.24,14.36
EST,Estonia,Climate Watch,Total including LUCF,All GHG,MtCO₂e,14.83,17.8,23.45,24.49,23.59,14.12,17.33,18.58,16.7,18.16,23.03,18.43,21.92,24.18,20.41,21.09,21.09,20.88,18.98,19.38,19.05,19.49,20.08,21.36,21.0,20.09,22.29,22.35,27.39,36.56,39.39
GHA,Ghana,Climate Watch,Total including LUCF,All GHG,MtCO₂e,14.41,11.22,9.22,7.58,5.82,59.65,57.94,58.4,56.32,54.5,68.97,67.31,66.15,66.38,66.13,64.91,62.62,63.77,63.27,62.01,27.57,27.25,28.58,24.96,23.73,22.82,22.45,22.17,22.02,21.61,21.56
SUR,Suriname,Climate Watch,Total including LUCF,All GHG,MtCO₂e,13.54,13.58,13.0,13.35,13.86,12.46,12.37,11.97,12.11,11.64,7.1,6.75,6.63,6.45,6.54,6.61,6.39,6.06,5.84,6.4,6.0,6.69,6.66,6.6,6.62,6.51,6.42,6.38,6.36,6.26,5.9
GNQ,Equatorial Guinea,Climate Watch,Total including LUCF,All GHG,MtCO₂e,13.38,14.13,14.74,15.17,16.19,16.5,17.59,15.57,15.71,16.04,16.67,16.52,17.16,18.04,17.37,17.49,17.03,13.21,12.08,12.8,10.54,11.27,9.63,8.38,6.8,6.45,6.26,6.09,5.91,4.16,4.01
MDA,Moldova,Climate Watch,Total including LUCF,All GHG,MtCO₂e,13.17,13.64,13.48,12.93,12.94,12.18,11.96,11.32,12.19,12.44,11.73,10.82,11.5,11.63,11.41,11.75,11.44,11.46,10.86,10.72,11.19,12.04,13.4,14.87,16.54,18.33,20.37,23.46,26.89,31.87,37.91
MRT,Mauritania,Climate Watch,Total including LUCF,All GHG,MtCO₂e,12.97,12.91,12.51,12.14,11.17,13.02,12.34,11.75,11.81,11.4,11.3,10.72,9.93,10.53,10.27,9.89,9.74,9.72,9.54,9.46,9.35,8.92,8.34,8.05,7.75,7.21,7.14,7.23,7.04,7.19,6.98
KGZ,Kyrgyzstan,Climate Watch,Total including LUCF,All GHG,MtCO₂e,12.83,13.67,14.85,12.72,12.9,15.87,15.53,14.9,15.41,12.79,12.09,12.38,12.73,11.64,10.43,10.31,10.62,10.47,9.84,8.87,8.44,8.52,9.9,9.67,9.79,8.89,11.58,16.73,21.52,29.11,31.4
BGR,Bulgaria,Climate Watch,Total including LUCF,All GHG,MtCO₂e,12.61,17.65,19.49,22.72,20.58,45.13,42.44,39.85,45.0,50.75,33.42,31.77,39.26,41.66,37.47,37.52,37.53,38.78,33.91,36.6,36.03,36.58,43.39,46.98,50.06,49.49,48.27,52.22,53.66,59.48,76.47
BRN,Brunei,Climate Watch,Total including LUCF,All GHG,MtCO₂e,12.23,9.65,10.1,9.8,9.41,8.76,9.53,9.56,9.78,9.82,10.5,11.2,11.4,10.55,11.06,8.35,8.49,9.05,7.88,7.89,7.94,7.52,11.81,8.46,7.85,7.73,7.33,7.04,6.6,6.3,6.09
SLV,El Salvador,Climate Watch,Total including LUCF,All GHG,MtCO₂e,12.15,13.59,12.73,12.39,13.25,13.33,12.86,12.59,13.34,13.18,13.27,13.52,13.89,14.45,13.88,13.4,13.01,12.65,12.08,11.85,11.2,11.6,11.39,11.27,10.41,10.46,10.2,9.58,9.11,8.73,7.94
LVA,Latvia,Climate Watch,Total including LUCF,All GHG,MtCO₂e,11.53,12.17,12.33,11.78,11.85,12.15,12.1,12.2,12.28,12.46,1.94,0.75,1.52,1.81,1.35,0.78,0.58,0.55,0.25,0.2,0.88,1.41,1.95,2.34,2.89,2.89,4.46,7.43,10.6,13.36,15.09
HTI,Haiti,Climate Watch,Total including LUCF,All GHG,MtCO₂e,10.9,10.96,10.83,10.95,10.97,10.74,10.38,9.96,9.67,9.91,9.01,8.45,8.4,8.37,7.95,7.89,7.79,7.91,7.87,7.57,7.39,6.91,6.77,6.62,6.22,5.92,5.14,5.65,6.02,5.61,5.4
ARM,Armenia,Climate Watch,Total including LUCF,All GHG,MtCO₂e,10.46,9.91,9.48,9.29,9.45,9.08,9.05,9.06,9.12,8.13,7.69,7.87,9.01,8.49,7.84,7.44,6.72,6.32,5.9,6.23,6.12,5.74,6.27,6.31,5.61,6.7,6.13,8.65,14.81,25.12,24.52
MKD,Macedonia,Climate Watch,Total including LUCF,All GHG,MtCO₂e,9.77,10.9,10.01,10.53,10.03,10.15,10.42,10.79,11.71,12.14,11.25,11.37,12.06,12.27,11.77,11.77,11.48,11.68,10.91,11.51,11.5,11.83,12.76,12.01,13.17,11.6,11.99,12.45,12.44,13.23,13.9
SLE,Sierra Leone,Climate Watch,Total including LUCF,All GHG,MtCO₂e,9.31,9.24,10.18,9.71,9.79,9.76,9.73,9.3,9.21,8.42,7.9,7.89,7.57,7.83,8.52,7.52,7.41,7.06,6.5,6.15,5.96,5.9,6.18,6.08,6.13,6.36,6.58,6.6,6.51,6.51,6.51
TGO,Togo,Climate Watch,Total including LUCF,All GHG,MtCO₂e,9.24,8.77,8.39,8.03,8.19,7.92,7.17,7.43,7.54,7.99,7.51,7.68,6.19,5.86,6.18,6.76,5.86,6.13,5.52,5.08,7.12,7.62,7.21,6.25,6.49,5.89,5.93,5.66,5.78,6.09,6.26
LUX,Luxembourg,Climate Watch,Total including LUCF,All GHG,MtCO₂e,8.54,10.22,10.04,9.74,9.56,9.89,10.4,10.92,11.43,11.66,11.52,10.93,11.52,11.6,12.18,12.39,12.15,10.7,10.28,9.49,8.89,8.26,7.87,8.54,9.04,8.96,11.1,11.95,11.74,12.05,11.55
ALB,Albania,Climate Watch,Total including LUCF,All GHG,MtCO₂e,8.06,8.95,9.43,9.68,8.95,8.56,8.89,8.45,8.22,8.77,8.12,7.68,7.61,7.87,7.8,7.89,8.12,8.05,7.64,7.0,8.42,8.03,6.82,6.59,7.32,7.59,7.75,6.94,6.97,9.01,11.37
CYP,Cyprus,Climate Watch,Total including LUCF,All GHG,MtCO₂e,7.86,8.29,8.31,8.49,8.35,7.9,7.82,7.42,8.13,8.64,8.95,9.27,9.45,9.23,8.9,8.76,8.65,8.71,8.04,7.81,8.09,7.82,7.54,7.21,7.13,6.74,6.85,6.6,6.32,5.9,5.37
RWA,Rwanda,Climate Watch,Total including LUCF,All GHG,MtCO₂e,7.59,7.6,7.37,7.18,6.99,7.17,6.49,6.5,6.31,6.15,7.16,6.88,6.75,6.54,6.4,6.12,6.06,5.95,5.86,5.63,5.7,5.86,5.64,5.64,5.27,5.07,4.88,5.05,5.13,5.2,5.22
JAM,Jamaica,Climate Watch,Total including LUCF,All GHG,MtCO₂e,7.58,10.15,10.33,8.93,9.22,8.78,8.89,9.08,8.62,9.14,6.4,6.8,8.54,10.95,11.02,9.81,9.85,9.94,9.52,9.34,12.2,12.09,11.77,11.22,11.07,10.73,10.39,10.35,10.15,9.34,9.35
BDI,Burundi,Climate Watch,Total including LUCF,All GHG,MtCO₂e,7.14,7.25,7.6,7.38,6.77,1.43,1.42,1.43,1.04,0.97,5.7,5.36,5.21,5.08,5.01,4.85,4.79,4.74,4.76,4.77,6.88,6.84,6.74,6.7,6.63,6.59,6.43,6.53,6.55,6.56,6.49
CRI,Costa Rica,Climate Watch,Total including LUCF,All GHG,MtCO₂e,7.08,8.4,8.43,8.12,7.83,7.03,7.11,7.11,6.6,6.61,12.74,12.61,13.04,12.9,11.49,11.16,10.63,10.62,10.25,10.24,12.84,12.99,13.19,12.47,12.42,12.45,12.86,12.44,12.36,11.22,10.92
BLZ,Belize,Climate Watch,Total including LUCF,All GHG,MtCO₂e,6.96,6.9,6.65,6.74,6.68,6.94,6.7,6.83,6.62,7.15,4.49,4.42,4.28,4.34,4.13,4.12,3.96,4.41,4.12,4.03,7.3,8.28,9.42,10.41,11.41,12.56,13.66,13.54,13.41,13.33,13.11
ERI,Eritrea,Climate Watch,Total including LUCF,All GHG,MtCO₂e,6.69,6.63,6.58,6.44,6.38,6.25,6.23,6.19,6.17,6.1,5.87,5.94,5.89,5.95,5.65,5.85,5.86,5.82,5.68,5.73,6.01,5.9,5.72,5.77,5.28,4.72,4.6,4.41,4.84,4.13,4.11
MUS,Mauritius,Climate Watch,Total including LUCF,All GHG,MtCO₂e,6.41,6.82,6.72,6.7,6.5,6.38,6.33,6.13,6.0,5.84,5.87,5.6,5.6,5.49,5.35,4.92,4.74,4.71,4.52,4.5,4.29,3.84,3.32,3.04,2.93,2.76,2.7,2.63,2.47,2.38,2.28
TLS,Timor-Leste,Climate Watch,Total including LUCF,All GHG,MtCO₂e,6.01,6.55,6.56,6.83,7.0,7.18,7.24,7.26,7.38,7.39,7.5,7.2,6.88,6.5,6.21,5.84,4.87,4.09,3.25,2.18,1.12,1.05,1.16,1.15,1.14,1.12,1.1,1.02,0.99,0.99,0.92
GNB,Guinea-Bissau,Climate Watch,Total including LUCF,All GHG,MtCO₂e,4.26,4.22,4.18,4.08,4.15,4.47,4.2,4.08,4.37,3.88,3.99,3.84,3.78,4.06,4.07,3.74,3.8,3.76,3.66,3.49,3.28,3.58,3.23,3.01,2.97,3.37,3.34,3.32,3.28,3.25,3.24
LSO,Lesotho,Climate Watch,Total including LUCF,All GHG,MtCO₂e,4.01,3.85,3.95,4.23,3.79,3.84,4.05,3.92,4.73,4.69,3.92,3.88,3.76,3.79,3.7,3.73,3.54,3.57,3.49,3.64,3.64,3.71,3.23,3.34,3.21,3.22,3.26,3.26,3.25,3.04,2.99
MNE,Montenegro,Climate Watch,Total including LUCF,All GHG,MtCO₂e,3.79,3.85,3.78,3.58,3.44,3.66,3.55,3.65,3.79,4.03,0.01,-0.71,0.37,-0.07,0.14,0.09,0.29,0.28,0.15,0.05,3.68,3.43,4.0,3.91,3.76,3.51,3.37,3.41,3.58,3.57,4.15
BRB,Barbados,Climate Watch,Total including LUCF,All GHG,MtCO₂e,3.65,3.71,3.79,3.69,3.78,3.74,3.74,3.88,3.9,3.93,3.87,3.98,3.99,3.72,3.69,3.66,3.63,3.58,3.54,3.56,3.53,3.54,3.46,3.38,3.28,3.24,3.2,3.11,3.13,3.16,3.13
ISL,Iceland,Climate Watch,Total including LUCF,All GHG,MtCO₂e,3.27,3.46,3.53,3.51,3.46,3.92,3.87,3.81,3.65,3.66,3.9,4.03,4.36,4.46,4.44,3.96,4.02,3.96,3.99,3.93,4.09,4.05,4.08,3.94,3.97,3.71,3.78,3.7,3.74,3.94,4.06
GMB,Gambia,Climate Watch,Total including LUCF,All GHG,MtCO₂e,2.98,2.92,2.74,2.87,2.82,2.93,2.71,2.57,2.5,2.42,2.74,2.69,2.33,2.19,2.14,2.05,2.19,2.28,2.37,2.6,3.13,3.49,3.56,3.83,4.15,4.47,4.94,5.41,5.29,5.18,5.02
SWZ,Eswatini,Climate Watch,Total including LUCF,All GHG,MtCO₂e,2.88,2.96,2.8,2.78,2.78,2.68,2.67,2.64,2.46,2.46,2.49,2.6,2.65,2.73,2.48,2.56,2.54,2.55,2.54,2.53,2.66,2.87,2.86,2.78,2.8,3.01,3.02,2.34,2.62,2.76,2.74
BHS,Bahamas,Climate Watch,Total including LUCF,All GHG,MtCO₂e,2.83,2.97,3.13,2.59,2.4,2.53,2.83,3.18,2.69,2.54,2.27,2.32,2.31,2.19,2.18,2.24,2.39,2.34,2.3,2.26,2.45,2.44,2.39,1.98,2.18,2.15,2.07,2.05,2.17,2.3,2.23
GRD,Grenada,Climate Watch,Total including LUCF,All GHG,MtCO₂e,2.4,2.41,2.37,2.33,2.31,2.29,2.26,2.32,2.27,2.24,2.24,2.22,2.21,2.19,2.16,2.14,2.12,2.12,2.09,2.08,2.06,2.05,2.03,2.0,1.98,1.94,1.92,1.89,1.88,1.86,1.84
MLT,Malta,Climate Watch,Total including LUCF,All GHG,MtCO₂e,2.08,2.14,2.04,2.02,1.87,2.16,2.84,2.83,3.16,2.99,3.01,2.9,3.09,3.15,3.06,2.98,2.93,2.92,2.62,2.79,2.41,2.68,2.64,2.73,2.57,2.63,2.76,3.05,2.41,2.43,2.53
MDV,Maldives,Climate Watch,Total including LUCF,All GHG,MtCO₂e,1.99,2.49,2.22,1.94,1.81,1.63,1.62,1.37,1.36,1.2,1.13,1.07,1.01,0.94,0.91,0.74,0.8,0.63,0.71,0.58,0.55,0.51,0.39,0.41,0.35,0.32,0.26,0.26,0.28,0.21,0.2
DJI,Djibouti,Climate Watch,Total including LUCF,All GHG,MtCO₂e,1.39,1.39,1.37,1.35,1.34,1.38,1.33,1.48,1.41,1.38,1.42,1.36,1.36,1.35,1.31,1.31,1.27,1.28,1.26,1.23,1.22,1.23,1.2,1.12,1.07,1.05,0.99,0.97,0.96,0.93,0.91
ATG,Antigua and Barbuda,Climate Watch,Total including LUCF,All GHG,MtCO₂e,1.2,1.21,1.19,1.15,1.12,1.09,1.06,1.05,1.03,1.01,1.0,0.98,0.91,0.87,0.81,0.75,0.72,0.69,0.65,0.61,0.58,0.55,0.52,0.49,0.45,0.42,0.4,0.39,0.38,0.37,0.36
SYC,Seychelles,Climate Watch,Total including LUCF,All GHG,MtCO₂e,0.77,0.76,0.76,0.72,0.71,0.64,0.59,0.54,0.55,0.53,0.56,0.56,0.52,0.51,0.49,0.48,0.48,0.44,0.44,0.41,0.38,0.4,0.38,0.36,0.31,0.28,0.28,0.26,0.24,0.24,0.22
CPV,Cape Verde,Climate Watch,Total including LUCF,All GHG,MtCO₂e,0.73,0.72,0.69,0.68,0.66,0.61,0.6,0.61,0.63,0.66,0.64,0.6,0.56,0.54,0.6,0.54,0.51,0.5,0.48,0.44,-0.05,-0.05,-0.1,-0.13,-0.15,-0.14,-0.19,-0.17,-0.16,-0.2,-0.2
LCA,Saint Lucia,Climate Watch,Total including LUCF,All GHG,MtCO₂e,0.7,0.73,0.72,0.72,0.69,0.68,0.68,0.67,0.67,0.65,0.68,0.61,0.6,0.6,0.58,0.56,0.56,0.54,0.51,0.52,0.48,0.56,0.63,0.68,0.76,0.83,0.9,0.86,0.83,0.79,0.77
COM,Comoros,Climate Watch,Total including LUCF,All GHG,MtCO₂e,0.68,0.68,0.65,0.63,0.56,0.54,0.52,0.53,0.49,0.48,0.48,0.44,0.41,0.38,0.46,0.46,0.42,0.41,0.39,0.38,0.36,0.38,0.37,0.36,0.35,0.35,0.34,0.34,0.33,0.32,0.32
WSM,Samoa,Climate Watch,Total including LUCF,All GHG,MtCO₂e,0.65,0.69,0.71,0.7,0.7,0.71,0.67,0.65,0.65,0.65,0.63,0.59,0.58,0.6,0.59,0.59,0.59,0.58,0.58,0.57,0.54,0.54,0.54,0.52,0.52,0.5,0.49,0.47,0.45,0.45,0.44
VUT,Vanuatu,Climate Watch,Total including LUCF,All GHG,MtCO₂e,0.59,0.64,0.68,0.65,0.64,0.71,0.78,0.72,0.73,0.73,0.71,0.69,0.7,0.69,0.57,0.57,0.55,0.57,0.55,0.55,0.57,0.59,0.58,0.58,0.58,0.56,0.55,0.54,0.52,0.5,0.48
AND,Andorra,Climate Watch,Total including LUCF,All GHG,MtCO₂e,0.58,0.61,0.62,0.59,0.59,0.58,0.57,0.59,0.6,0.6,0.63,0.62,0.64,0.64,0.64,0.66,0.64,0.61,0.6,0.59,0.59,0.57,0.54,0.51,0.49,0.46,0.44,0.44,0.43,0.43,0.43
STP,Sao Tome and Principe,Climate Watch,Total including LUCF,All GHG,MtCO₂e,0.4,0.39,0.39,0.38,0.38,0.37,0.37,0.37,0.36,0.34,0.14,0.13,0.12,0.11,0.11,0.11,0.1,0.1,0.09,0.08,0.08,0.08,0.08,0.07,0.07,0.07,0.07,0.07,0.07,0.07,0.07
KNA,Saint Kitts and Nevis,Climate Watch,Total including LUCF,All GHG,MtCO₂e,0.33,0.35,0.35,0.34,0.34,0.33,0.32,0.32,0.32,0.34,0.33,0.33,0.32,0.32,0.3,0.29,0.31,0.29,0.29,0.28,0.27,0.25,0.24,0.23,0.22,0.21,0.21,0.2,0.19,0.19,0.19
BTN,Bhutan,Climate Watch,Total including LUCF,All GHG,MtCO₂e,0.32,0.74,0.76,0.64,0.56,0.39,0.37,0.27,0.26,0.12,-5.4,-5.53,-5.55,-5.43,-5.51,-5.49,-5.66,-5.61,-5.57,-5.6,-5.53,-5.47,-5.52,-5.53,-5.61,-5.64,-5.73,-5.76,-5.74,-5.72,-5.72
VCT,Saint Vincent and the Grenadines,Climate Watch,Total including LUCF,All GHG,MtCO₂e,0.3,0.32,0.33,0.31,0.34,0.33,0.35,0.31,0.32,0.31,0.32,0.37,0.31,0.33,0.31,0.31,0.31,0.29,0.28,0.27,0.19,0.21,0.2,0.17,0.17,0.16,0.15,0.14,0.12,0.12,0.11
TON,Tonga,Climate Watch,Total including LUCF,All GHG,MtCO₂e,0.27,0.31,0.28,0.28,0.27,0.25,0.26,0.26,0.25,0.25,0.26,0.28,0.26,0.26,0.27,0.25,0.25,0.26,0.23,0.23,0.23,0.25,0.24,0.24,0.24,0.26,0.26,0.26,0.25,0.26,0.25
DMA,Dominica,Climate Watch,Total including LUCF,All GHG,MtCO₂e,0.22,0.23,0.22,0.22,0.23,0.24,0.24,0.23,0.23,0.21,0.23,0.22,0.22,0.22,0.21,0.2,0.19,0.17,0.16,0.2,0.25,0.23,0.23,0.24,0.23,0.25,0.25,0.25,0.24,0.25,0.24
PLW,Palau,Climate Watch,Total including LUCF,All GHG,MtCO₂e,0.2,0.25,0.24,0.24,0.24,0.23,0.24,0.25,0.25,0.23,0.24,0.23,0.23,0.24,0.25,0.25,0.24,0.23,0.23,0.23,0.23,0.22,0.22,0.22,0.21,0.21,0.21,0.21,0.21,0.01,0.01
FSM,Micronesia,Climate Watch,Total including LUCF,All GHG,MtCO₂e,0.16,0.2,0.2,0.19,0.19,0.19,0.19,0.18,0.18,0.16,0.14,0.19,0.15,0.17,0.16,0.16,0.19,0.2,0.19,0.21,0.22,0.23,0.25,0.24,0.23,0.22,0.14,0.13,0.12,-0.02,0.01
LIE,Liechtenstein,Climate Watch,Total including LUCF,All GHG,MtCO₂e,0.16,0.16,0.16,0.17,0.16,0.17,0.18,0.21,0.2,0.19,0.23,0.25,0.26,0.24,0.27,0.27,0.27,0.27,0.26,0.25,0.25,0.26,0.26,0.25,0.23,0.23,0.23,0.24,0.23,0.23,0.22
MHL,Marshall Islands,Climate Watch,Total including LUCF,All GHG,MtCO₂e,0.16,0.2,0.2,0.2,0.19,0.19,0.18,0.18,0.18,0.18,0.18,0.17,0.17,0.17,0.16,0.15,0.15,0.15,0.15,0.14,0.13,0.13,0.13,0.12,0.12,0.12,0.12,0.11,0.11,0.03,0.03
KIR,Kiribati,Climate Watch,Total including LUCF,All GHG,MtCO₂e,0.09,0.1,0.1,0.1,0.09,0.09,0.09,0.09,0.08,0.08,0.08,0.08,0.09,0.08,0.09,0.08,0.07,0.07,0.06,0.05,0.06,0.05,0.05,0.05,0.05,0.05,0.04,0.05,0.04,0.04,0.04
COK,Cook Islands,Climate Watch,Total including LUCF,All GHG,MtCO₂e,0.07,0.09,0.09,0.09,0.09,0.09,0.1,0.09,0.09,0.09,0.08,0.08,0.08,0.08,0.08,0.07,0.07,0.06,0.06,0.07,0.05,0.05,0.05,0.05,0.05,0.04,0.04,0.04,0.03,0.03,0.03
NRU,Nauru,Climate Watch,Total including LUCF,All GHG,MtCO₂e,0.05,0.06,0.06,0.06,0.06,0.06,0.06,0.05,0.05,0.05,0.05,0.05,0.05,0.05,0.05,0.07,0.07,0.07,0.08,0.09,0.09,0.1,0.1,0.11,0.11,0.11,0.12,0.12,0.12,0.13,0.13
TUV,Tuvalu,Climate Watch,Total including LUCF,All GHG,MtCO₂e,0.02,0.02,0.02,0.02,0.02,0.02,0.02,0.02,0.02,0.02,0.02,0.02,0.02,0.03,0.02,0.02,0.02,0.02,0.02,0.02,0.02,0.02,0.02,0.02,0.02,0.02,0.02,0.02,0.02,0.02,0.02
NIU,Niue,Climate Watch,Total including LUCF,All GHG,MtCO₂e,0.0,0.01,0.01,0.01,0.01,0.01,0.0,0.0,0.0,0.0,0.01,0.01,0.01,0.01,0.01,0.01,0.01,0.01,0.01,0.01,0.01,0.01,0.01,0.01,0.01,0.01,0.01,0.01,0.01,0.01,0.01
FJI,Fiji,Climate Watch,Total including LUCF,All GHG,MtCO₂e,-0.81,-0.38,-0.49,-0.58,-0.77,-0.69,-0.77,-0.36,-0.44,-0.38,-0.31,-0.64,-0.54,-0.31,-0.25,-0.36,-0.11,-0.42,-0.55,-0.37,-0.6,-0.63,-0.6,-0.56,-0.55,-0.6,-0.66,-0.71,-0.77,-0.81,-0.84
